Name,Start Date,Event Start,Event End,Category,Days_Active,Description,Location,Lat,Long
Opening Gate Welcome,2026-09-17,8:30 AM,9:00 AM,Ceremony,Thursday,County leaders welcome guests and outline the fair highlights,South Gate Plaza,43.8121,-80.4215
Draft Horse Hitch Parade,2026-09-17,9:00 AM,10:00 AM,Livestock,Thursday,Teams of draft horses circle the ring with decorated wagons,Grandstand Ring,43.8130,-80.4204
Farm Safety for Families,2026-09-17,9:15 AM,10:00 AM,Education,Thursday,Practical safety tips for families visiting or living on farms,Community Pavilion,43.8125,-80.4221
County Apple Pie Judging,2026-09-17,9:30 AM,10:45 AM,Competition,Thursday,Local bakers present apple pies for taste and presentation judging,Harvest Hall,43.8128,-80.4233
Small Engine Tune Up Clinic,2026-09-17,10:00 AM,11:15 AM,Workshop,Thursday,Mechanics demonstrate seasonal maintenance for small farm engines,Workshop Tent,43.8116,-80.4240
Sheep Showmanship Junior Class,2026-09-17,10:15 AM,11:30 AM,Livestock,Thursday,Junior handlers show sheep and receive coaching from judges,Livestock Pavilion,43.8136,-80.4210
Heirloom Tomato Tasting,2026-09-17,10:30 AM,11:15 AM,Food,Thursday,Visitors sample regional tomato varieties and learn growing tips,Garden Pavilion,43.8119,-80.4228
Maple Syrup Grading Demo,2026-09-17,11:00 AM,11:45 AM,Education,Thursday,Producers explain syrup colour grades and judging standards,Heritage Barn,43.8133,-80.4238
Tractor Skills Challenge,2026-09-17,11:30 AM,12:30 PM,Competition,Thursday,Operators navigate precision obstacles with compact tractors,Machinery Field,43.8142,-80.4245
Harvest Lunch Music Set,2026-09-17,12:00 PM,1:00 PM,Entertainment,Thursday,Acoustic roots trio performs during the lunch period,Main Stage,43.8123,-80.4207
Beef Breed Showcase,2026-09-17,12:30 PM,1:30 PM,Livestock,Thursday,Breed associations present cattle lines and judging points,4-H Show Ring,43.8139,-80.4218
Preserving Peaches Workshop,2026-09-17,1:00 PM,2:00 PM,Food,Thursday,Step by step home canning guidance using Ontario peaches,Demo Kitchen,43.8126,-80.4230
Soil Health Field Walk,2026-09-17,1:30 PM,2:30 PM,Education,Thursday,Agronomists review cover crops compaction and soil structure,North Field Lane,43.8148,-80.4236
Youth Talent Showcase,2026-09-17,2:00 PM,3:15 PM,Entertainment,Thursday,Young performers from county schools take the main stage,Main Stage,43.8123,-80.4207
Antique Tractor Pull,2026-09-17,3:00 PM,4:30 PM,Competition,Thursday,Restored tractors compete in weight classes on the pull track,Grandstand Track,43.8131,-80.4202
Evening Dairy Barn Tour,2026-09-17,5:00 PM,6:00 PM,Livestock,Thursday,Farm families guide visitors through dairy care routines,Livestock Pavilion,43.8136,-80.4210
Sunset Square Dance,2026-09-17,6:30 PM,8:00 PM,Entertainment,Thursday,Caller led square dancing for all ages with live fiddle music,Main Stage,43.8123,-80.4207
Pancake Breakfast with Producers,2026-09-18,8:00 AM,9:15 AM,Food,Friday,Local producers serve breakfast and discuss farm life,Community Pavilion,43.8125,-80.4221
Junior Poultry Judging,2026-09-18,9:00 AM,10:00 AM,Livestock,Friday,Youth exhibitors present poultry entries to certified judges,Livestock Pavilion,43.8136,-80.4210
Field Crop Innovation Talk,2026-09-18,9:15 AM,10:00 AM,Education,Friday,Specialists review new approaches to crop rotation and inputs,Workshop Tent,43.8116,-80.4240
Bee Friendly Garden Demo,2026-09-18,9:45 AM,10:45 AM,Workshop,Friday,Master gardeners demonstrate pollinator habitat planning,Garden Pavilion,43.8119,-80.4228
Butter Tart Competition,2026-09-18,10:00 AM,11:15 AM,Competition,Friday,Judges sample classic and creative butter tart entries,Harvest Hall,43.8128,-80.4233
Mounted Games Warm Up,2026-09-18,10:30 AM,11:30 AM,Equestrian,Friday,Riders demonstrate speed patterns and safe arena conduct,Riverside Arena,43.8141,-80.4195
Kids Seed Planting Lab,2026-09-18,11:00 AM,12:00 PM,Kids,Friday,Children plant seeds to take home and learn basic plant care,Kids Discovery Tent,43.8118,-80.4216
Combine Technology Demo,2026-09-18,11:30 AM,12:30 PM,Equipment,Friday,Dealers explain harvest monitors yield mapping and safety,Machinery Field,43.8142,-80.4245
County Fiddle Finals,2026-09-18,12:00 PM,1:30 PM,Entertainment,Friday,Fiddlers compete for the county fair championship,Main Stage,43.8123,-80.4207
Goat Agility Showcase,2026-09-18,12:45 PM,1:30 PM,Livestock,Friday,Handlers guide goats through a fun obstacle course,4-H Show Ring,43.8139,-80.4218
Farm to School Cooking Demo,2026-09-18,1:00 PM,2:00 PM,Food,Friday,Chefs prepare simple recipes using local school garden produce,Demo Kitchen,43.8126,-80.4230
Women in Agriculture Panel,2026-09-18,1:30 PM,2:30 PM,Education,Friday,Local leaders discuss careers mentorship and farm ownership,Community Pavilion,43.8125,-80.4221
Miniature Horse Driving,2026-09-18,2:00 PM,3:00 PM,Equestrian,Friday,Drivers showcase miniature horse carts and handling skills,Riverside Arena,43.8141,-80.4195
Market Basket Auction,2026-09-18,3:00 PM,4:00 PM,Market,Friday,Baskets of local food and crafts are auctioned for charity,Market Lane,43.8120,-80.4226
Youth 4-H Recognition,2026-09-18,4:30 PM,5:15 PM,Ceremony,Friday,Clubs recognize project completion leadership and service,Main Stage,43.8123,-80.4207
Friday Night Country Concert,2026-09-18,7:00 PM,9:00 PM,Entertainment,Friday,Headline country band closes the second day of the fair,Grandstand Stage,43.8130,-80.4204
Sunrise Livestock Feeding Tour,2026-09-19,7:30 AM,8:30 AM,Livestock,Saturday,Visitors see morning feeding routines with barn volunteers,Livestock Pavilion,43.8136,-80.4210
Classic Car and Tractor Roll In,2026-09-19,8:30 AM,10:00 AM,Exhibit,Saturday,Restored cars and tractors arrive for display judging,South Gate Plaza,43.8121,-80.4215
County Honey Judging,2026-09-19,9:00 AM,10:15 AM,Competition,Saturday,Beekeepers submit honey entries for clarity aroma and flavour,Harvest Hall,43.8128,-80.4233
Kids Pedal Tractor Pull,2026-09-19,9:30 AM,10:30 AM,Kids,Saturday,Children compete in age classes on pedal tractors,Kids Discovery Tent,43.8118,-80.4216
Beef Cattle Championship,2026-09-19,10:00 AM,11:30 AM,Livestock,Saturday,Top beef entries compete for grand champion honours,Grandstand Ring,43.8130,-80.4204
Blacksmithing Demonstration,2026-09-19,10:15 AM,11:15 AM,Heritage,Saturday,Smiths forge practical hooks and explain traditional tools,Heritage Barn,43.8133,-80.4238
Corn Roast and Local Food Talk,2026-09-19,11:30 AM,12:30 PM,Food,Saturday,Guests sample roasted corn while growers discuss season quality,Community Pavilion,43.8125,-80.4221
Pioneer Chore Relay,2026-09-19,12:00 PM,1:00 PM,Heritage,Saturday,Teams race through butter churning water carrying and stacking,Heritage Barn Yard,43.8134,-80.4240
Heavy Horse Pull,2026-09-19,12:30 PM,2:00 PM,Competition,Saturday,Heavy horse teams compete by pulling weighted sleds,Grandstand Track,43.8131,-80.4202
Food Truck Chef Challenge,2026-09-19,1:00 PM,2:15 PM,Food,Saturday,Food truck chefs create dishes with mystery local ingredients,Demo Kitchen,43.8126,-80.4230
Drone Use on the Farm,2026-09-19,1:30 PM,2:30 PM,Technology,Saturday,Operators demonstrate mapping scouting and safe flight planning,Machinery Field,43.8142,-80.4245
All Breeds Dairy Show,2026-09-19,2:00 PM,3:30 PM,Livestock,Saturday,Dairy exhibitors compete across breed classes and ages,4-H Show Ring,43.8139,-80.4218
Pumpkin Decorating for Kids,2026-09-19,2:30 PM,3:30 PM,Kids,Saturday,Children decorate small pumpkins with fair volunteers,Kids Discovery Tent,43.8118,-80.4216
Local Brewers Tasting Seminar,2026-09-19,3:00 PM,4:00 PM,Food,Saturday,Brewers explain grain sourcing flavour and responsible tasting,Harvest Hall,43.8128,-80.4233
Saturday Grandstand Rodeo,2026-09-19,6:30 PM,8:30 PM,Entertainment,Saturday,Rodeo athletes compete in timed events and riding classes,Grandstand Arena,43.8130,-80.4204
Community Church Breakfast,2026-09-20,8:00 AM,9:00 AM,Food,Sunday,Volunteer groups host a simple breakfast before Sunday events,Community Pavilion,43.8125,-80.4221
Open Air Worship Service,2026-09-20,9:15 AM,10:00 AM,Community,Sunday,Interdenominational service with local musicians and speakers,Main Stage,43.8123,-80.4207
Rabbit Showmanship,2026-09-20,9:30 AM,10:30 AM,Livestock,Sunday,Youth handlers present rabbits and answer judge questions,Livestock Pavilion,43.8136,-80.4210
Garden Tractor Pull Finals,2026-09-20,10:00 AM,11:30 AM,Competition,Sunday,Garden tractor finalists compete for class trophies,Grandstand Track,43.8131,-80.4202
Floral Arrangement Awards,2026-09-20,10:30 AM,11:15 AM,Competition,Sunday,Judges present awards for floral design and horticulture,Garden Pavilion,43.8119,-80.4228
Heritage Baking Demonstration,2026-09-20,11:00 AM,12:00 PM,Heritage,Sunday,Bakers prepare traditional breads with wood fired methods,Heritage Barn,43.8133,-80.4238
Family Picnic Concert,2026-09-20,12:00 PM,1:15 PM,Entertainment,Sunday,Folk band performs a relaxed midday set for families,Main Stage,43.8123,-80.4207
Junior Farmers Obstacle Course,2026-09-20,12:30 PM,1:30 PM,Kids,Sunday,Children complete farm themed challenges with helpers,Kids Discovery Tent,43.8118,-80.4216
Champion of Champions Livestock Parade,2026-09-20,1:30 PM,2:30 PM,Livestock,Sunday,Winning animals from the fair parade before the crowd,Grandstand Ring,43.8130,-80.4204
Farm Succession Roundtable,2026-09-20,2:00 PM,3:00 PM,Education,Sunday,Advisors discuss practical steps for family farm transition,Workshop Tent,43.8116,-80.4240
Fair Volunteer Appreciation,2026-09-20,3:15 PM,4:00 PM,Ceremony,Sunday,Organizers recognize volunteers sponsors and community partners,Main Stage,43.8123,-80.4207
Closing Harvest Parade,2026-09-20,4:15 PM,5:00 PM,Ceremony,Sunday,Floats livestock clubs and equipment close the fair weekend,South Gate Plaza,43.8121,-80.4215
