Exhibitor print name,Company,Sharon category,Proven containing area,Area identifier,Sept 17 Excel row,Status
2 Farmers & a Cow Ice Cream Co.,2 Farmers & a Cow Ice Cream Co.,Commercial,Commercial Market Tent,4A 05–10,2,REVIEW CANDIDATE — NOT ADDED TO APP
Action First Aid,Action First Aid,Commercial,Commercial Market Tent,4A 05–10,7,REVIEW CANDIDATE — NOT ADDED TO APP
Alair Homes Huron,Alair Homes Hyrib (2748000 OnInc),Rural Living 1,Rural Living Tent #1,4A 16–21,11,REVIEW CANDIDATE — NOT ADDED TO APP
All Star Metals Inc.,All Star Metals Inc.,Commercial,Commercial Market Tent,4A 05–10,12,REVIEW CANDIDATE — NOT ADDED TO APP
Aqwa Building Solutions,Aqwa Building Solutions,Rural Living 1,Rural Living Tent #1,4A 16–21,14,REVIEW CANDIDATE — NOT ADDED TO APP
Avenir Energy,Avenir Energy,Rural Expo Courtyard,Rural Expo Courtyard,3B 39–44,16,REVIEW CANDIDATE — NOT ADDED TO APP
Better Farming | Small Farm Canada,AgMedia Inc,Agriculture,Teeswater Concrete Farming for the Future Tent,1B 16–22,25,REVIEW CANDIDATE — NOT ADDED TO APP
Bruce County Genealogical Society,Bruce County Genealogical Society,Antiques,Antiques and Historical Areas,South 2 & 3,33,REVIEW CANDIDATE — NOT ADDED TO APP
Bruce County Historical Society,Bruce County Historical Society,Antiques,Antiques and Historical Areas,South 2 & 3,34,REVIEW CANDIDATE — NOT ADDED TO APP
"Bruce/Grey Owen Sound Constituency Association, Green Party of Ontario","Bruce/Grey Owen Sound Constituency Association, Green Party of Ontario",Rural Living 2,Rural Living Tent #2,4B 17–22,38,REVIEW CANDIDATE — NOT ADDED TO APP
Buddsteel Architectural Products,Buddsteel Architectural Products  ,Rural Living 1,Rural Living Tent #1,4A 16–21,39,REVIEW CANDIDATE — NOT ADDED TO APP
Canada Clean Fuels,Canada Clean Fuels Inc.,Agriculture,Teeswater Concrete Farming for the Future Tent,1B 16–22,40,REVIEW CANDIDATE — NOT ADDED TO APP
Canadian Cattle Identification Agency,Canadian Cattle Identification Agency,Agriculture,Teeswater Concrete Farming for the Future Tent,1B 16–22,42,REVIEW CANDIDATE — NOT ADDED TO APP
Canadian Propane Association,Canadian Propane Association,Rural Expo Courtyard,Rural Expo Courtyard,3B 39–44,44,REVIEW CANDIDATE — NOT ADDED TO APP
CarePartners - Exploring Care Excellence In Rural Ontario,CarePartners,Agriculture,Teeswater Concrete Farming for the Future Tent,1B 16–22,49,REVIEW CANDIDATE — NOT ADDED TO APP
CarePartners - Exploring Healthcare Careers in Rural Ontario,CarePartners,Rural Living 2,Rural Living Tent #2,4B 17–22,50,REVIEW CANDIDATE — NOT ADDED TO APP
CarePartners - Rural Health Care. Yours to Explore.,CarePartners,Rural Expo Courtyard,Rural Expo Courtyard,3B 39–44,51,REVIEW CANDIDATE — NOT ADDED TO APP
Chalmers Fuels,Chalmers Fuels,Rural Expo Courtyard,Rural Expo Courtyard,3B 39–44,53,REVIEW CANDIDATE — NOT ADDED TO APP
CIBC,CIBC,Commercial,Commercial Market Tent,4A 05–10,59,REVIEW CANDIDATE — NOT ADDED TO APP
Circular Materials,Inventa Sales & Promotions - Circular Materials,Rural Living 1,Rural Living Tent #1,4A 16–21,60,REVIEW CANDIDATE — NOT ADDED TO APP
Core Fuels Ltd. / Red Cap Propane Ltd.,Core Fuels Ltd. / Red Cap Propane Ltd.,Rural Expo Courtyard,Rural Expo Courtyard,3B 39–44,66,REVIEW CANDIDATE — NOT ADDED TO APP
Croskill Overhead Doors,Croskill Overhead Doors Ltd,Rural Living 1,Rural Living Tent #1,4A 16–21,70,REVIEW CANDIDATE — NOT ADDED TO APP
Dill Doughs,Dill Doughs,Commercial,Commercial Market Tent,4A 05–10,82,REVIEW CANDIDATE — NOT ADDED TO APP
Eastern Ontario Wardens’ Caucus,Eastern Ontario Wardens’ Caucus ,Rural Expo Courtyard,Rural Expo Courtyard,3B 39–44,87,REVIEW CANDIDATE — NOT ADDED TO APP
Eastlink,Eastlink,Commercial,Commercial Market Tent,4A 05–10,89,REVIEW CANDIDATE — NOT ADDED TO APP
Elevated Workplace Safety,Elevated Workplace Safety,Commercial,Commercial Market Tent,4A 05–10,93,REVIEW CANDIDATE — NOT ADDED TO APP
Elite Sprouting Systems Inc.,Elite Sprouting Systems Inc.,Agriculture,Teeswater Concrete Farming for the Future Tent,1B 16–22,94,REVIEW CANDIDATE — NOT ADDED TO APP
Express Heat Therapy,Express Heat Therapy,Commercial,Commercial Market Tent,4A 05–10,100,REVIEW CANDIDATE — NOT ADDED TO APP
Farmers Choice Real Estate,Royal Le Page RCR Realty,Agriculture,Teeswater Concrete Farming for the Future Tent,1B 16–22,102,REVIEW CANDIDATE — NOT ADDED TO APP
Goderich Port Management Corporation,Goderich Port Management Corporation,Rural Expo Courtyard,Rural Expo Courtyard,3B 39–44,117,REVIEW CANDIDATE — NOT ADDED TO APP
Grey Ag Services,Grey Ag Services,Agriculture,Teeswater Concrete Farming for the Future Tent,1B 16–22,122,REVIEW CANDIDATE — NOT ADDED TO APP
Grey Bruce Ontario Health Team,Grey Bruce Ontario Health Team,Rural Expo Courtyard,Rural Expo Courtyard,3B 39–44,123,REVIEW CANDIDATE — NOT ADDED TO APP
Grey County,Grey County,Agriculture,Teeswater Concrete Farming for the Future Tent,1B 16–22,126,REVIEW CANDIDATE — NOT ADDED TO APP
Harry Buurma - free bibles,Harry Buurma,Rural Living 2,Rural Living Tent #2,4B 17–22,132,REVIEW CANDIDATE — NOT ADDED TO APP
HDTV & Electronics,HDTV & Electronics,Rural Living 2,Rural Living Tent #2,4B 17–22,133,REVIEW CANDIDATE — NOT ADDED TO APP
Hear Canada,Hear Canada,Rural Expo Courtyard,Rural Expo Courtyard,3B 39–44,134,REVIEW CANDIDATE — NOT ADDED TO APP
It's About You by Christine Lennips,It's About You,Commercial,Commercial Market Tent,4A 05–10,150,REVIEW CANDIDATE — NOT ADDED TO APP
J.A. Porter Holdings (Lucknow) Ltd.,J.A. Porter Holdings (Lucknow) Ltd.,Agriculture,Teeswater Concrete Farming for the Future Tent,1B 16–22,152,REVIEW CANDIDATE — NOT ADDED TO APP
Kincardine & Community Health Care Foundation,Kincardine & Community Health Care Foundation,Rural Living 2,Rural Living Tent #2,4B 17–22,160,REVIEW CANDIDATE — NOT ADDED TO APP
LaSalle Agri Inc.,LaSalle Agri Inc.,Agriculture,Teeswater Concrete Farming for the Future Tent,1B 16–22,166,REVIEW CANDIDATE — NOT ADDED TO APP
Libro Credit Union,Libro Credit Union,Agriculture,Teeswater Concrete Farming for the Future Tent,1B 16–22,170,REVIEW CANDIDATE — NOT ADDED TO APP
London Eco-Metal Manufacturing,London Eco-Metal Manufacturing,Rural Living 1,Rural Living Tent #1,4A 16–21,176,REVIEW CANDIDATE — NOT ADDED TO APP
Meat & Poultry Ontario,Ontario Independent Meat Processors Association o/a Meat & Poultry Ontario,Rural Expo Courtyard,Rural Expo Courtyard,3B 39–44,188,REVIEW CANDIDATE — NOT ADDED TO APP
Mineva Water,Water Refined Inc. Iba Mineva Water,Agriculture,Teeswater Concrete Farming for the Future Tent,1B 16–22,194,REVIEW CANDIDATE — NOT ADDED TO APP
MowUcontrol,Cornerstone Consulting Services Canada Inc,Rural Living 1,Rural Living Tent #1,4A 16–21,196,REVIEW CANDIDATE — NOT ADDED TO APP
Ontario Agri-Food Discovery Centre,Ontario Agri-Food Discovery Centre,Rural Expo Courtyard,Rural Expo Courtyard,3B 39–44,211,REVIEW CANDIDATE — NOT ADDED TO APP
Ontario Bean Growers,Ontario Bean Growers,Agriculture,Teeswater Concrete Farming for the Future Tent,1B 16–22,213,REVIEW CANDIDATE — NOT ADDED TO APP
Ontario Dairy Goat Co-operative,Ontario Dairy Goat Co-operative ,Agriculture,Teeswater Concrete Farming for the Future Tent,1B 16–22,215,REVIEW CANDIDATE — NOT ADDED TO APP
Pro Fleet Care,Pro Fleet Care,Rural Living 2,Rural Living Tent #2,4B 17–22,235,REVIEW CANDIDATE — NOT ADDED TO APP
ProResp Inc,ProResp Inc,Agriculture,Teeswater Concrete Farming for the Future Tent,1B 16–22,236,REVIEW CANDIDATE — NOT ADDED TO APP
Quality Seeds Ltd,Quality Seeds Ltd,Agriculture,Teeswater Concrete Farming for the Future Tent,1B 16–22,238,REVIEW CANDIDATE — NOT ADDED TO APP
"Royal Bank of Canada (""RBC"")",Royal Bank of Canada,Commercial,Commercial Market Tent,4A 05–10,246,REVIEW CANDIDATE — NOT ADDED TO APP
Rural Ontario Institute/AALP,Rural Ontario Institute / AALP ,Rural Expo Courtyard,Rural Expo Courtyard,3B 39–44,249,REVIEW CANDIDATE — NOT ADDED TO APP
Set Free Healing,Set Free Healing,Rural Living 2,Rural Living Tent #2,4B 17–22,253,REVIEW CANDIDATE — NOT ADDED TO APP
Skills Ontario,Skills Ontario - Ontario Competences Canada,Rural Expo Courtyard,Rural Expo Courtyard,3B 39–44,256,REVIEW CANDIDATE — NOT ADDED TO APP
Snobelen Farms Ltd.,Snobelen Farms Ltd.,Agriculture,Teeswater Concrete Farming for the Future Tent,1B 16–22,259,REVIEW CANDIDATE — NOT ADDED TO APP
Soleno Inc.,Soleno Inc.,Agriculture,Teeswater Concrete Farming for the Future Tent,1B 16–22,261,REVIEW CANDIDATE — NOT ADDED TO APP
Solera Solar Lighting,Light Efficient Design - Solar,Agriculture,Teeswater Concrete Farming for the Future Tent,1B 16–22,262,REVIEW CANDIDATE — NOT ADDED TO APP
Superior Meats,Superior Meats,Commercial,Commercial Market Tent,4A 05–10,267,REVIEW CANDIDATE — NOT ADDED TO APP
Tenth Street Wealth Management - Raymond James,Raymond James,Commercial,Commercial Market Tent,4A 05–10,274,REVIEW CANDIDATE — NOT ADDED TO APP
The Kirstine-Ellis Group,The Kirstine-Ellis Group,Rural Living 2,Rural Living Tent #2,4B 17–22,277,REVIEW CANDIDATE — NOT ADDED TO APP
Titanium Gourmet Inc.,Titanium Gourmet Inc.,Commercial,Commercial Market Tent,4A 05–10,283,REVIEW CANDIDATE — NOT ADDED TO APP
Uber Canada,Uber Canada,Commercial,Commercial Market Tent,4A 05–10,291,REVIEW CANDIDATE — NOT ADDED TO APP
Victim Services Bruce Grey,Victim Services Bruce Grey,Rural Living 1,Rural Living Tent #1,4A 16–21,295,REVIEW CANDIDATE — NOT ADDED TO APP
Western Ontario Wardens Caucus,Western Ontario Wardens Caucus,Rural Expo Courtyard,Rural Expo Courtyard,3B 39–44,307,REVIEW CANDIDATE — NOT ADDED TO APP
Whisky & Wine Rustic Design Co.,Whisky & Wine Rustic Design Co.,Artisan,Artisan Vendors Tent,2B 33–38,309,REVIEW CANDIDATE — NOT ADDED TO APP
Work Authority,Work Authority - Hanover,Rural Living 2,Rural Living Tent #2,4B 17–22,315,REVIEW CANDIDATE — NOT ADDED TO APP
WT Living,W.T. Land LP,Rural Living 1,Rural Living Tent #1,4A 16–21,317,REVIEW CANDIDATE — NOT ADDED TO APP
