name,category,tent,locationIds,booths
"(GBFSA), Hanover",outdoor,,4B-05,4B-05
"GGS Structures Inc., Vineland Station",outdoor,,2B-23,2B-23
"Gospel Focus, Kirkfield",outdoor,,4A-33-34,4A-33|4A-34
Grain Farmers of Ontario VIP Tent,outdoor,,3B-33-38,3B-33|3B-34|3B-35|3B-36|3B-37|3B-38
Great Canadian Lumberjacks,outdoor,,1A-35-38,1A-35|1A-36|1A-37|1A-38
"Green Valley Heating Inc., Granton",outdoor,,4B-28,4B-28
"Hallman Motors Ltd., Hanover",outdoor,,5A-25-26,5A-25|5A-26
Hanover,outdoor,,5A-01-04,5A-01|5A-02|5A-03|5A-04
Hanover,outdoor,,5A-29-31,5A-29|5A-30|5A-31
"Harkness Equipment, Harriston",outdoor,,1B-15,1B-15
"Heatmaster (Highway 511 Heating), Perth",outdoor,,2A-25-27,2A-25|2A-26|2A-27
"Heavy Equipment Care Ltd.,Durham",outdoor,,1A-32-34,1A-32|1A-33|1A-34
"Highland Outbuildings, Angus",outdoor,,4A-28,4A-28
"Hip Town Hype, Trent Lakes",outdoor,,4A-14,4A-14
"HLR Hydraulic Line Repair, Orangeville",outdoor,,1B-28,1B-28
"Huron Tractor Ltd., Walkerton",outdoor,,1A-25-27,1A-25|1A-26|1A-27
Huronia Welding,outdoor,,1A-29,1A-29
Hydro One,outdoor,,EAST-5,EAST-5
"Hydro One Education Centre South 4 iLGi Canada, St. Agatha",outdoor,,1A-05,1A-05
"J&H Sales and Service, Chesley",outdoor,,1A-13-15,1A-13|1A-14|1A-15
"John Ernewein Limited, Walkerton",outdoor,,1B-29,1B-29
"JSC Factory Direct Inc., Barrie",outdoor,,4B-13,4B-13
"JW Custom Fab, Cargill",outdoor,,2A-16,2A-16
"K and S Boat and Sled, Hanover",outdoor,,4B-34,4B-34
"Kenworth / TRP Hanover, Hanover",outdoor,,4A-01-03,4A-01|4A-02|4A-03
"Kodiak Boots, Cambridge",outdoor,,2B-06,2B-06
"Kreations Candy and Treats, Hanover",outdoor,,4B-34,4B-34
"Krown Rust Control, Schomberg",outdoor,,5A-20,5A-20
"Lambton Conveyor Ltd., Wallaceburg",outdoor,,1B-13-14,1B-13|1B-14
"Leslie Motors Ford, Walkerton",outdoor,,5A-13-14,5A-13|5A-14
"Liesemers Home Hardware, Mildmay",outdoor,,4A-25,4A-25
"Lil’ Country Woodshop Ltd., Alma",outdoor,,4B-25,4B-25
"Listowel Hearing Centre, Listowel",outdoor,,4B-07,4B-07
"Lucan Biddulph Recreation Committee, Lucan",outdoor,,4B-23,4B-23
Wroxeter,outdoor,,5B-10-12,5B-10|5B-11|5B-12
"Maple Lane Farm Service, Mount Forest",outdoor,,1A-18-20,1A-18|1A-19|1A-20
"Marcc Apparel, Mount Forest",outdoor,,3A-19,3A-19
"Marcrest Manufacturing Inc., Listowel",outdoor,,1A-22-24,1A-22|1A-23|1A-24
"Marquardt Farm Drainage, Palmerston",outdoor,,2B-21,2B-21
"Martin’s Land Management, Blyth",outdoor,,5A-36,5A-36
"McCullough Tirecraft, Paisley",outdoor,,2B-24,2B-24
"Med-E-Ox Mobility, Goderich",outdoor,,1A-28,1A-28
Media Trailer,outdoor,,1A-07,1A-07
"Midwest Co-op, Teeswater",outdoor,,1B-25-27,1B-25|1B-26|1B-27
Brucefield,outdoor,,1B-23-24,1B-23|1B-24
"Mitchell Cycle Inc., Mitchell",outdoor,,2A-19-20,2A-19|2A-20
MNP Lifestyles Tent,outdoor,,EAST-2,EAST-2
"Multi Shelter Solutions, Palmerston",outdoor,,2A-01-02,2A-01|2A-02
"Northern Fabrication, Durham",outdoor,,4A-14,4A-14
"Northern Leisure Products Ltd., Wroxeter",outdoor,,4A-26-27,4A-26|4A-27
"OK Tire Kincardine, Kincardine",outdoor,,2A-06,2A-06
"Old Country Leather, Chesley",outdoor,,4B-24,4B-24
"Corn Fed Beef, London",outdoor,,2B-07,2B-07
"Ontario Flag and Pole, Sutton West",outdoor,,3A-07,3A-07
Ontario Government,outdoor,,3B-20-24,3B-20|3B-21|3B-22|3B-23|3B-24
"Ontario Landowners Association, Elmwood",outdoor,,2B-18,2B-18
"Accurate Canada, Burlington",outdoor,,5A-12,5A-12
"ACE / JCB, Harriston",outdoor,,1A-09,1A-09
"Aces Heavy Towing, Mildmay",outdoor,,5A-27-28,5A-27|5A-28
Artisan Vendors Tent,outdoor,,2B-33-38,2B-33|2B-34|2B-35|2B-36|2B-37|2B-38
"B&L Farm Services Ltd., Chesley",outdoor,,2B-13-14,2B-13|2B-14
"Bailey Repair Services Ltd., Palmerston",outdoor,,2A-21,2A-21
Beef Farmers of Ontario & Bruce County Beef Farmer,outdoor,,2B-08,2B-08
Bell Mobility (Cell Tower),outdoor,,NORTH,NORTH
"Blacks Creek Innovations, Prescott",outdoor,,5A-37-38,5A-37|5A-38
"Brandt Tractors Ltd., London",outdoor,,1B-05-06,1B-05|1B-06
Britespan Main Stage Building,outdoor,,3B-28-32,3B-28|3B-29|3B-30|3B-31|3B-32
"Broeders Farm Equipment, North Augusta",outdoor,,1B-08,1B-08
Bruce County,outdoor,,EAST-1,EAST-1
Bruce District Masons,outdoor,,3B-04,3B-04
Bruce Power,outdoor,,3B-07-12,3B-07|3B-08|3B-09|3B-10|3B-11|3B-12
Bruce Power and Nuclear Energy Group Tent,outdoor,,3B-07-12,3B-07|3B-08|3B-09|3B-10|3B-11|3B-12
Canadian Cowgirls,outdoor,,5A-05-10,5A-05|5A-06|5A-07|5A-08|5A-09|5A-10
"Can-Am Demo Area, Montreal, QC",outdoor,,WEST-4,WEST-4
First Aid and Lost Persons),outdoor,,3A-25-28,3A-25|3A-26|3A-27|3A-28
Thornbury,outdoor,,2B-29,2B-29
Grain Farmers of Ontario Stage,outdoor,,WEST-3,WEST-3
"CKNX, The One, Cook 94.5, Wingham",outdoor,,3A-01-03,3A-01|3A-02|3A-03
"Clifford Precision Inc., Clifford",outdoor,,2A-13-15,2A-13|2A-14|2A-15
Commercial Market Tent (Exhbitors & Vendors),outdoor,,4A-05-10,4A-05|4A-06|4A-07|4A-08|4A-09|4A-10
"Coops, Crappers & Cabins, Cambridge",outdoor,,2A-34-35,2A-34|2A-35
"Costco Wholesale, Guelph",outdoor,,4A-32,4A-32
"Cottrill Heavy Equipment, Kincardine",outdoor,,2A-04,2A-04
"Crop Aid Nutrition, Saskatoon, SK",outdoor,,2A-07,2A-07
"Culligan, Cambridge",outdoor,,3B-01-02,3B-01|3B-02
"Cuneo Interiors Limited, Walkerton",outdoor,,2A-30,2A-30
Dairy Farmers of Ontario,outdoor,,3A-14-16,3A-14|3A-15|3A-16
Dancing Tractors / Combine Derby,outdoor,,WEST-2,WEST-2
"De Dell Seeds Inc., Melbourne",outdoor,,2B-15,2B-15
"Diamond Roof, Wingham",outdoor,,4B-30,4B-30
Wroxeter,outdoor,,4A-29-30,4A-29|4A-30
Dodge RAM,outdoor,,5A-01-04,5A-01|5A-02|5A-03|5A-04
"Drone Spray Canada, Granton, Blenheim",outdoor,,1A-06,1A-06
"Eastern Silk Road, Kitchener",outdoor,,4B-02,4B-02
"Riviere-de-Loup, QC",outdoor,,2A-28,2A-28
Equipment Demo Area,outdoor,,WEST-1,WEST-1
"Equipment Ontario, Mildmay",outdoor,,1A-10-12,1A-10|1A-11|1A-12
"Evelyn Piper Exclusive, Ajax",outdoor,,4A-12,4A-12
"Farm Sip Supreme Canada, Mount Forest",outdoor,,1A-17,1A-17
Alexandria,outdoor,,2A-17-18,2A-17|2A-18
"Ferntree Equipment & Distribution, Guelph",outdoor,,5A-34,5A-34
"Foxton Fuels Limited, Wingham",outdoor,,2B-10-12,2B-10|2B-11|2B-12
"Fruitage of the Field, Chelsey",outdoor,,4B-24,4B-24
Gay Lea Foods Co-operative Ltd,outdoor,,2B-03-04,2B-03|2B-04
4B 17-22),indoor,rural-living,4A-16-21|4B-17-22,4A-16|4A-17|4A-18|4A-19|4A-20|4A-21|4B-17|4B-18|4B-19|4B-20|4B-21|4B-22
"Agilec Employment Services, Wingham",indoor,rural-living,4A-16-21|4B-17-22,4A-16|4A-17|4A-18|4A-19|4A-20|4A-21|4B-17|4B-18|4B-19|4B-20|4B-21|4B-22
"Alair Homes Huron, Southampton",indoor,rural-living,4A-16-21|4B-17-22,4A-16|4A-17|4A-18|4A-19|4A-20|4A-21|4B-17|4B-18|4B-19|4B-20|4B-21|4B-22
"Ben Lobb Member of Parliament for Huron Bruce, Goderich",indoor,rural-living,4A-16-21|4B-17-22,4A-16|4A-17|4A-18|4A-19|4A-20|4A-21|4B-17|4B-18|4B-19|4B-20|4B-21|4B-22
Bernie McGlynn Lumber / South,indoor,rural-living,4A-16-21|4B-17-22,4A-16|4A-17|4A-18|4A-19|4A-20|4A-21|4B-17|4B-18|4B-19|4B-20|4B-21|4B-22
"Bruce Flooring, Mildmay",indoor,rural-living,4A-16-21|4B-17-22,4A-16|4A-17|4A-18|4A-19|4A-20|4A-21|4B-17|4B-18|4B-19|4B-20|4B-21|4B-22
Bruce/Grey Owen Sound Constituency,indoor,rural-living,4A-16-21|4B-17-22,4A-16|4A-17|4A-18|4A-19|4A-20|4A-21|4B-17|4B-18|4B-19|4B-20|4B-21|4B-22
"Association, Green Party of Ontario",indoor,rural-living,4A-16-21|4B-17-22,4A-16|4A-17|4A-18|4A-19|4A-20|4A-21|4B-17|4B-18|4B-19|4B-20|4B-21|4B-22
"Buddsteel Architectural Products, Teeswater",indoor,rural-living,4A-16-21|4B-17-22,4A-16|4A-17|4A-18|4A-19|4A-20|4A-21|4B-17|4B-18|4B-19|4B-20|4B-21|4B-22
"Canadian Snowbird Association, Toronto",indoor,rural-living,4A-16-21|4B-17-22,4A-16|4A-17|4A-18|4A-19|4A-20|4A-21|4B-17|4B-18|4B-19|4B-20|4B-21|4B-22
CarePartners - Exploring Healthcare,indoor,rural-living,4A-16-21|4B-17-22,4A-16|4A-17|4A-18|4A-19|4A-20|4A-21|4B-17|4B-18|4B-19|4B-20|4B-21|4B-22
"Careers in Rural Ontario, Waterloo",indoor,rural-living,4A-16-21|4B-17-22,4A-16|4A-17|4A-18|4A-19|4A-20|4A-21|4B-17|4B-18|4B-19|4B-20|4B-21|4B-22
"Christadelphians: ASK, Brantford",indoor,rural-living,4A-16-21|4B-17-22,4A-16|4A-17|4A-18|4A-19|4A-20|4A-21|4B-17|4B-18|4B-19|4B-20|4B-21|4B-22
"CMHA Grey Bruce, Owen Sound",indoor,rural-living,4A-16-21|4B-17-22,4A-16|4A-17|4A-18|4A-19|4A-20|4A-21|4B-17|4B-18|4B-19|4B-20|4B-21|4B-22
"Croskill Overhead Doors, Listowel",indoor,rural-living,4A-16-21|4B-17-22,4A-16|4A-17|4A-18|4A-19|4A-20|4A-21|4B-17|4B-18|4B-19|4B-20|4B-21|4B-22
"Electrical Safety Authority, Sudbury",indoor,rural-living,4A-16-21|4B-17-22,4A-16|4A-17|4A-18|4A-19|4A-20|4A-21|4B-17|4B-18|4B-19|4B-20|4B-21|4B-22
"ENJO Canada, Tiverton",indoor,rural-living,4A-16-21|4B-17-22,4A-16|4A-17|4A-18|4A-19|4A-20|4A-21|4B-17|4B-18|4B-19|4B-20|4B-21|4B-22
"Freiburger Welding, Walkerton",indoor,rural-living,4A-16-21|4B-17-22,4A-16|4A-17|4A-18|4A-19|4A-20|4A-21|4B-17|4B-18|4B-19|4B-20|4B-21|4B-22
"Grey Bruce Public Health, Owen Sound",indoor,rural-living,4A-16-21|4B-17-22,4A-16|4A-17|4A-18|4A-19|4A-20|4A-21|4B-17|4B-18|4B-19|4B-20|4B-21|4B-22
"Harry Buurma - free bibles, Watford",indoor,rural-living,4A-16-21|4B-17-22,4A-16|4A-17|4A-18|4A-19|4A-20|4A-21|4B-17|4B-18|4B-19|4B-20|4B-21|4B-22
"HDTV & Electronics, Walkerton",indoor,rural-living,4A-16-21|4B-17-22,4A-16|4A-17|4A-18|4A-19|4A-20|4A-21|4B-17|4B-18|4B-19|4B-20|4B-21|4B-22
Huron County,indoor,rural-living,4A-16-21|4B-17-22,4A-16|4A-17|4A-18|4A-19|4A-20|4A-21|4B-17|4B-18|4B-19|4B-20|4B-21|4B-22
Kincardine & Community Health Care,indoor,rural-living,4A-16-21|4B-17-22,4A-16|4A-17|4A-18|4A-19|4A-20|4A-21|4B-17|4B-18|4B-19|4B-20|4B-21|4B-22
Ontario Mutual Insurance Association,outdoor,,3A-20-24,3A-20|3A-21|3A-22|3A-23|3A-24
Britespan Building,outdoor,,3B-28-32,3B-28|3B-29|3B-30|3B-31|3B-32
Ontario PC Caucus,outdoor,,3B-19,3B-19
Centre,outdoor,,3B-25-27,3B-25|3B-26|3B-27
Ontario Provincial Police - South Bruce,outdoor,,5A-15-16,5A-15|5A-16
Partnership Park,outdoor,,3A-29-35,3A-29|3A-30|3A-31|3A-32|3A-33|3A-34|3A-35
"Paul Grewall Novelties Ltd., Brampton",outdoor,,4A-11,4A-11
"Postech Screw Piles, Markdale",outdoor,,2A-29,2A-29
"Primerica, Hanover",outdoor,,4B-27,4B-27
"Quality Homes, Kenilworth",outdoor,,3A-09-12,3A-09|3A-10|3A-11|3A-12
Quilt Tent,outdoor,,3A-39-44,3A-39|3A-40|3A-41|3A-42|3A-43|3A-44
RAM Truck Corral,outdoor,,SOUTH-1,SOUTH-1
"Reformed Evangelistic Outreach, Ancaster",outdoor,,4B-14,4B-14
"Rintoul’s Pools & Hot Tubs, Owen Sound",outdoor,,2B-30-31,2B-30|2B-31
"RMP Metal Works, Mount Forest",outdoor,,4B-26,4B-26
"Robert’s Equipment, Chesley",outdoor,,1A-01-04,1A-01|1A-02|1A-03|1A-04
Rogers Communications (Cell Tower),outdoor,,NORTH,NORTH
"RONA Doidge Kincardine, Kincardine",outdoor,,2A-36-38,2A-36|2A-37|2A-38
"Royal Homes, Wingham",outdoor,,2A-31-32,2A-31|2A-32
Canadian Propane Association,outdoor,,3B-39-44,3B-39|3B-40|3B-41|3B-42|3B-43|3B-44
Scatterbrain Creations by Paige & Mom,indoor,rural-living,4A-16-21|4B-17-22,4A-16|4A-17|4A-18|4A-19|4A-20|4A-21|4B-17|4B-18|4B-19|4B-20|4B-21|4B-22
Orillia,outdoor,,4A-13,4A-13
"Shiva Fashion Inc, Scarborough",outdoor,,4A-24,4A-24
"Shouldice Stone, Shallow Lake",outdoor,,2A-33,2A-33
"SMG Champion Sawmills, Oxford Mills",outdoor,,5A-35,5A-35
"Smyth Welding & Machine Shop Ltd., Auburn",outdoor,,1A-30-31,1A-30|1A-31
Souvenir Tent - IPM 2026,outdoor,,3A-36-38,3A-36|3A-37|3A-38
"Speedway Trailers, Cambridge",outdoor,,1B-09-12,1B-09|1B-10|1B-11|1B-12
"Sprucedale Agromart Ltd., Hanover",outdoor,,2B-01-02,2B-01|2B-02
"Starbright Industry Inc., Listowel",outdoor,,1A-08,1A-08
"StumpedIt, Clinton",outdoor,,5A-33,5A-33
"Surf & Turf Instant Shelters Inc, Smithville",outdoor,,2B-28,2B-28
Teeswater Concrete Farming for the Future,indoor,rural-living,4A-16-21|4B-17-22,4A-16|4A-17|4A-18|4A-19|4A-20|4A-21|4B-17|4B-18|4B-19|4B-20|4B-21|4B-22
Tent,outdoor,,1B-16-22,1B-16|1B-17|1B-18|1B-19|1B-20|1B-21|1B-22
"Teeswater Concrete Ltd, Teeswater",outdoor,,1B-32-34,1B-32|1B-33|1B-34
"Toromont Cat, Concord",outdoor,,1B-30-31,1B-30|1B-31
"Township of North Huron, Wingham",outdoor,,4B-01,4B-01
Treemendous Tree Sales & Transplanting,indoor,rural-living,4A-16-21|4B-17-22,4A-16|4A-17|4A-18|4A-19|4A-20|4A-21|4B-17|4B-18|4B-19|4B-20|4B-21|4B-22
Clinton,outdoor,,5A-32,5A-32
"United Rentals, Walkerton",outdoor,,2B-16-17,2B-16|2B-17
"University of Guelph, Guelph",outdoor,,3B-17-18,3B-17|3B-18
"Valard Construction, Vaughan",outdoor,,5A-39-42,5A-39|5A-40|5A-41|5A-42
Walker,outdoor,,3A-05,3A-05
Walkerton & District Hospital Foundation,indoor,rural-living,4A-16-21|4B-17-22,4A-16|4A-17|4A-18|4A-19|4A-20|4A-21|4B-17|4B-18|4B-19|4B-20|4B-21|4B-22
Walkerton,outdoor,,3B-06,3B-06
"Walkerton Toyota, Walkerton",outdoor,,5A-17-18,5A-17|5A-18
"Wallenstein Equipment Inc., Wallenstein",outdoor,,1B-01-04,1B-01|1B-02|1B-03|1B-04
"Wash Bay Products Inc, Mildmay",outdoor,,2A-08,2A-08
"Water and Wellness, Walkerton",outdoor,,4B-36-38,4B-36|4B-37|4B-38
"Weldesign Hardware Inc., Burgessville",outdoor,,2B-20,2B-20
"Weppler Farm Machinery Ltd., Ayton",outdoor,,1A-16,1A-16
Women’s House Serving Bruce and Grey,indoor,rural-living,4A-16-21|4B-17-22,4A-16|4A-17|4A-18|4A-19|4A-20|4A-21|4B-17|4B-18|4B-19|4B-20|4B-21|4B-22
Kincardine,outdoor,,4B-06,4B-06
"Wonderfull Inc., Innisfil",outdoor,,2B-05,2B-05
"Work N Wear, Markham",outdoor,,2A-22-24,2A-22|2A-23|2A-24
"Xplore Inc., Markham",outdoor,,3B-03,3B-03
"Your Ultimate Structures Inc., Beachville",outdoor,,2B-09,2B-09
28 50 YEARS STRONG 50 YEARS STRONG,indoor,rural-living,4A-16-21|4B-17-22,4A-16|4A-17|4A-18|4A-19|4A-20|4A-21|4B-17|4B-18|4B-19|4B-20|4B-21|4B-22
BY THE CANADIAN PROPANE,indoor,rural-expo,3B-39-44,3B-39|3B-40|3B-41|3B-42|3B-43|3B-44
ASSOCIATION (3B 39-44),indoor,rural-expo,3B-39-44,3B-39|3B-40|3B-41|3B-42|3B-43|3B-44
"Avenir Energy, Flesherton",indoor,rural-expo,3B-39-44,3B-39|3B-40|3B-41|3B-42|3B-43|3B-44
"Canadian Propane Association, Ottawa",indoor,rural-expo,3B-39-44,3B-39|3B-40|3B-41|3B-42|3B-43|3B-44
CarePartners - Rural Health Care,indoor,rural-expo,3B-39-44,3B-39|3B-40|3B-41|3B-42|3B-43|3B-44
"Yours to Explore, Waterloo",indoor,rural-expo,3B-39-44,3B-39|3B-40|3B-41|3B-42|3B-43|3B-44
"Chalmers Fuels, Palmerston",indoor,rural-expo,3B-39-44,3B-39|3B-40|3B-41|3B-42|3B-43|3B-44
Core Fuels Ltd. / Red Cap,indoor,rural-expo,3B-39-44,3B-39|3B-40|3B-41|3B-42|3B-43|3B-44
"Propane Ltd., Stratford",indoor,rural-expo,3B-39-44,3B-39|3B-40|3B-41|3B-42|3B-43|3B-44
Eastern Ontario Wardens’ Caucus,indoor,rural-expo,3B-39-44,3B-39|3B-40|3B-41|3B-42|3B-43|3B-44
Goderich Port Management,indoor,rural-expo,3B-39-44,3B-39|3B-40|3B-41|3B-42|3B-43|3B-44
"Corporation, Goderich",indoor,rural-expo,3B-39-44,3B-39|3B-40|3B-41|3B-42|3B-43|3B-44
"Grey Bruce Ontario Health Team, Owen Sound",indoor,rural-expo,3B-39-44,3B-39|3B-40|3B-41|3B-42|3B-43|3B-44
Hear Canada,indoor,rural-expo,3B-39-44,3B-39|3B-40|3B-41|3B-42|3B-43|3B-44
"McDougall Energy Inc., Sault Ste. Marie",indoor,rural-expo,3B-39-44,3B-39|3B-40|3B-41|3B-42|3B-43|3B-44
"Meat & Poultry Ontario, Guelph",indoor,rural-expo,3B-39-44,3B-39|3B-40|3B-41|3B-42|3B-43|3B-44
"Ontario Agri-Food Discovery Centre, Listowel",indoor,rural-expo,3B-39-44,3B-39|3B-40|3B-41|3B-42|3B-43|3B-44
Rural Ontario Institute/AALP,indoor,rural-expo,3B-39-44,3B-39|3B-40|3B-41|3B-42|3B-43|3B-44
"Skills Ontario, Waterloo",indoor,rural-expo,3B-39-44,3B-39|3B-40|3B-41|3B-42|3B-43|3B-44
Western Ontario Wardens’ Caucus,indoor,rural-expo,3B-39-44,3B-39|3B-40|3B-41|3B-42|3B-43|3B-44
Aecon,indoor,bruce-power-tent,3B-07-12,3B-07|3B-08|3B-09|3B-10|3B-11|3B-12
"Bruce Power, Tiverton",indoor,bruce-power-tent,3B-07-12,3B-07|3B-08|3B-09|3B-10|3B-11|3B-12
Canadian Union of Skilled,indoor,bruce-power-tent,3B-07-12,3B-07|3B-08|3B-09|3B-10|3B-11|3B-12
"Workers, Teeswater",indoor,bruce-power-tent,3B-07-12,3B-07|3B-08|3B-09|3B-10|3B-11|3B-12
"Candu Energy Inc, an AtkinsRéalis company, Port Elgin",indoor,bruce-power-tent,3B-07-12,3B-07|3B-08|3B-09|3B-10|3B-11|3B-12
"Kinectrics Inc., Toronto",indoor,bruce-power-tent,3B-07-12,3B-07|3B-08|3B-09|3B-10|3B-11|3B-12
"LIUNA Local 1059, London",indoor,bruce-power-tent,3B-07-12,3B-07|3B-08|3B-09|3B-10|3B-11|3B-12
"Ontario Power Generation (OPG), Tiverton",indoor,bruce-power-tent,3B-07-12,3B-07|3B-08|3B-09|3B-10|3B-11|3B-12
Power Workers’ Union,indoor,bruce-power-tent,3B-07-12,3B-07|3B-08|3B-09|3B-10|3B-11|3B-12
"Society of United Professionals, Toronto",indoor,bruce-power-tent,3B-07-12,3B-07|3B-08|3B-09|3B-10|3B-11|3B-12
"UBC Local 2222, Kincardine",indoor,bruce-power-tent,3B-07-12,3B-07|3B-08|3B-09|3B-10|3B-11|3B-12
"Amabel Books, Allenford",indoor,artisan,2B-33-38,2B-33|2B-34|2B-35|2B-36|2B-37|2B-38
"Equestrian Elite, Durham",indoor,artisan,2B-33-38,2B-33|2B-34|2B-35|2B-36|2B-37|2B-38
"Flora and Fae, Tara",indoor,artisan,2B-33-38,2B-33|2B-34|2B-35|2B-36|2B-37|2B-38
"Mike’s Wood, Elmwood",indoor,artisan,2B-33-38,2B-33|2B-34|2B-35|2B-36|2B-37|2B-38
"Nana’s Sewing Basket, Walkerton",indoor,artisan,2B-33-38,2B-33|2B-34|2B-35|2B-36|2B-37|2B-38
"Natural Stitch Designs, Amaranth",indoor,artisan,2B-33-38,2B-33|2B-34|2B-35|2B-36|2B-37|2B-38
"Northern Flyer Design (Ken Thornburn), Tara",indoor,artisan,2B-33-38,2B-33|2B-34|2B-35|2B-36|2B-37|2B-38
"Paisley Drive Designs, Chesley",indoor,artisan,2B-33-38,2B-33|2B-34|2B-35|2B-36|2B-37|2B-38
"Rachel Joy Jewellery, Kincardine",indoor,artisan,2B-33-38,2B-33|2B-34|2B-35|2B-36|2B-37|2B-38
"Susan Seitz, Walkerton",indoor,artisan,2B-33-38,2B-33|2B-34|2B-35|2B-36|2B-37|2B-38
"Wildflower Designs, Shallow Lake",indoor,artisan,2B-33-38,2B-33|2B-34|2B-35|2B-36|2B-37|2B-38
"The Quilt Jeannie, Harriston",indoor,quilt,3A-39-44,3A-39|3A-40|3A-41|3A-42|3A-43|3A-44
"Bear Tracks Inn & Restaurant, Lion’s Head",food,,4A-36,4A-36
"Big Bites, Durham",food,,2A-10,2A-10
"Cheesy Monkii Food Truck, Kincardine",food,,3A-04,3A-04
"Style Catering, Stratford",food,,5A-23-24,5A-23|5A-24
"Coastal Coffee, Goderich",food,,2A-11,2A-11
Dairy Farmers of Ontario,food,,3A-13,3A-13
"DC Foods, Tillsonburg",food,,1B-38|4B-12,1B-38|4B-12
Cream Inc. Etobicoke,food,,4A-37,4A-37
"Hometown Street Eats, Drayton",food,,2B-25,2B-25
"Jeff’s Catering, Uxbridge",food,,4A-38,4A-38
"Lez Eats, Creemore",food,,1B-37,1B-37
Mannheim,food,,3B-13-14,3B-13|3B-14
"Mr. Kettle Corn, Campbellville",food,,5A-11,5A-11
"We Cater Food on Wheels, York",food,,4B-11,4B-11
West Montrose,food,,2A-12,2A-12
"Wild Willies Food Truck, Bayfield",food,,2B-26,2B-26
"2 Farmers & a Cow Ice Cream Co., Guelph",indoor,commercial,4A-05-10,4A-05|4A-06|4A-07|4A-08|4A-09|4A-10
"Action First Aid, Barrie",indoor,commercial,4A-05-10,4A-05|4A-06|4A-07|4A-08|4A-09|4A-10
"All Star Metals Inc., Newton",indoor,commercial,4A-05-10,4A-05|4A-06|4A-07|4A-08|4A-09|4A-10
"CIBC, Walkerton",indoor,commercial,4A-05-10,4A-05|4A-06|4A-07|4A-08|4A-09|4A-10
"Dill Doughs, Kincardine",indoor,commercial,4A-05-10,4A-05|4A-06|4A-07|4A-08|4A-09|4A-10
"Eastlink, Sudbury",indoor,commercial,4A-05-10,4A-05|4A-06|4A-07|4A-08|4A-09|4A-10
"Express Heat Therapy, Scarborough",indoor,commercial,4A-05-10,4A-05|4A-06|4A-07|4A-08|4A-09|4A-10
"Galaxy Sweets, Hanover",indoor,commercial,4A-05-10,4A-05|4A-06|4A-07|4A-08|4A-09|4A-10
"HearingLife Canada, North York",indoor,commercial,4A-05-10,4A-05|4A-06|4A-07|4A-08|4A-09|4A-10
"It’s About You by Christine Lennips, Hanover",indoor,commercial,4A-05-10,4A-05|4A-06|4A-07|4A-08|4A-09|4A-10
Joe Carter - Group Benefits Specialist,indoor,commercial,4A-05-10,4A-05|4A-06|4A-07|4A-08|4A-09|4A-10
Wingham,indoor,commercial,4A-05-10,4A-05|4A-06|4A-07|4A-08|4A-09|4A-10
"Norwex, Wyoming",indoor,commercial,4A-05-10,4A-05|4A-06|4A-07|4A-08|4A-09|4A-10
"Oasis Therapy, Moffat",indoor,commercial,4A-05-10,4A-05|4A-06|4A-07|4A-08|4A-09|4A-10
"Playtime Casino Hanover, Hanover",indoor,commercial,4A-05-10,4A-05|4A-06|4A-07|4A-08|4A-09|4A-10
Royal Bank of Canada (“RBC”),indoor,commercial,4A-05-10,4A-05|4A-06|4A-07|4A-08|4A-09|4A-10
"SV Law, Guelph",indoor,commercial,4A-05-10,4A-05|4A-06|4A-07|4A-08|4A-09|4A-10
"Titanium Gourmet Inc., Scarborough",indoor,commercial,4A-05-10,4A-05|4A-06|4A-07|4A-08|4A-09|4A-10
"TreeGirl Henna, Teeswater",indoor,commercial,4A-05-10,4A-05|4A-06|4A-07|4A-08|4A-09|4A-10
"Uber Canada, Toronto",indoor,commercial,4A-05-10,4A-05|4A-06|4A-07|4A-08|4A-09|4A-10
"AgScape, Milton",indoor,hydro-edu,SOUTH-4,SOUTH-4
Beef Farmers of Ontario & Bruce County Beef Farmers,indoor,hydro-edu,SOUTH-4,SOUTH-4
"Bluewater District School Board, Chesley",indoor,hydro-edu,SOUTH-4,SOUTH-4
Bruce County Federation of Agriculture,indoor,hydro-edu,SOUTH-4,SOUTH-4
Bruce Grey Catholic District,indoor,hydro-edu,SOUTH-4,SOUTH-4
"School Board, Hanover",indoor,hydro-edu,SOUTH-4,SOUTH-4
Dairy Farmers of Ontario,indoor,hydro-edu,SOUTH-4,SOUTH-4
DGFO - Dairy Goat Farmers of Ontario,indoor,hydro-edu,SOUTH-4,SOUTH-4
Egg Farmers of Ontario,indoor,hydro-edu,SOUTH-4,SOUTH-4
"ETFO Bluewater Local, Owen Sound",indoor,hydro-edu,SOUTH-4,SOUTH-4
"FIRST Robotics Canada, Pickering",indoor,hydro-edu,SOUTH-4,SOUTH-4
GFO - Good in Every Grain,indoor,hydro-edu,SOUTH-4,SOUTH-4
"Gregglea Clydesdales, Cargill",indoor,hydro-edu,SOUTH-4,SOUTH-4
"Grey Bruce Pork Producers, Chesley",indoor,hydro-edu,SOUTH-4,SOUTH-4
"Ontario Association of Agriculture Societies, Stirling",indoor,hydro-edu,SOUTH-4,SOUTH-4
Ontario Fur Managers Federation,indoor,hydro-edu,SOUTH-4,SOUTH-4
Ontario Sheep Farmers,indoor,hydro-edu,SOUTH-4,SOUTH-4
Ontario Youth Apprenticeship,indoor,hydro-edu,SOUTH-4,SOUTH-4
"Program (OYAP), Chesley",indoor,hydro-edu,SOUTH-4,SOUTH-4
Canadian Agricultural Safety Association,indoor,hydro-edu,SOUTH-4,SOUTH-4
"(CASA), Winnipeg",indoor,hydro-edu,SOUTH-4,SOUTH-4
